{
    "cycles_program_begin": 13603647316481,
    "CompileProcesses": [
        "cgproc.3448.json"
    ],
    "stat": {
        "CodeGen(%)": 36.295231973380723,
        "totalObjSize": 284266,
        "cpu_cycles_end": 13605101122473,
        "cpu_cycles_total": 1453805992,
        "ru_self_cgstart": {
            "ru_maxrss_kb": 107920,
            "ru_utime_sec": 0.103349,
            "ru_nivcsw": 1,
            "ru_stime_sec": 0.041424999999999997,
            "ru_minflt": 7111,
            "ru_majflt": 278,
            "ru_nvcsw": 268
        },
        "mopSpeed": 84279.612459631215,
        "nQuads": 2924,
        "ru_childs_cgstart": {
            "ru_maxrss_kb": 107920,
            "ru_utime_sec": 0.048283,
            "ru_nivcsw": 0,
            "ru_stime_sec": 0.0012260000000000001,
            "ru_minflt": 4853,
            "ru_majflt": 264,
            "ru_nvcsw": 400
        },
        "cpu_cycles_cgstart": 13604672139179,
        "mop/quad": 2.4900820793433653,
        "nMops": 7281,
        "ru_self_end": {
            "ru_maxrss_kb": 119932,
            "ru_utime_sec": 0.18973999999999999,
            "ru_nivcsw": 1,
            "ru_stime_sec": 0.054591000000000001,
            "ru_minflt": 9214,
            "ru_majflt": 363,
            "ru_nvcsw": 318
        },
        "ru_childs_end": {
            "ru_maxrss_kb": 107920,
            "ru_utime_sec": 0.048283,
            "ru_nivcsw": 0,
            "ru_stime_sec": 0.0012260000000000001,
            "ru_minflt": 4853,
            "ru_majflt": 264,
            "ru_nvcsw": 400
        },
        "quadSpeed": 33846.118229908207,
        "outputSizePerQuad": 97.218194254445962,
        "Frontend(%)": 63.704768026619277,
        "peak_mem_kb": 217676,
        "realTime": 0.42494821548461914
    },
    "perf": [
        {
            "sub": [
                {
                    "sub": [],
                    "stat": [
                        "doParsingAndDesignResolution",
                        "entry",
                        0.053916215896606445,
                        0.066689999999999999,
                        0.02223,
                        201252,
                        202052,
                        0.0,
                        0.0,
                        1752406428.4648621,
                        13603733580296
                    ]
                },
                {
                    "sub": [],
                    "stat": [
                        "doParsingAndDesignResolution",
                        "exit",
                        0.072873115539550781,
                        0.066969000000000001,
                        0.032937000000000001,
                        202164,
                        202812,
                        0.0,
                        0.0,
                        1752406428.483819,
                        13603803591763
                    ]
                },
                {
                    "sub": [
                        {
                            "sub": [],
                            "stat": [
                                "doUptoVir2VcsNoSepCleanup",
                                "entry",
                                0.091390132904052734,
                                0.071669999999999998,
                                0.035834999999999999,
                                203456,
                                203456,
                                0.0,
                                0.0,
                                1752406428.502336,
                                13603871661489
                            ]
                        },
                        {
                            "sub": [],
                            "stat": [
                                "doUptoVir2VcsNoSepCleanup",
                                "exit",
                                0.1670842170715332,
                                0.096578999999999998,
                                0.041390999999999997,
                                205304,
                                217676,
                                0.010224,
                                0.0012260000000000001,
                                1752406428.5780301,
                                13604150788197
                            ]
                        },
                        {
                            "sub": [],
                            "stat": [
                                "doRadify_vir2vcsAll",
                                "entry",
                                0.16719603538513184,
                                0.096658999999999995,
                                0.041424999999999997,
                                205304,
                                217676,
                                0.010224,
                                0.0012260000000000001,
                                1752406428.5781419,
                                13604151045665
                            ]
                        },
                        {
                            "sub": [],
                            "stat": [
                                "doRadify_vir2vcsAll",
                                "exit",
                                0.17442417144775391,
                                0.101268,
                                0.041424999999999997,
                                205760,
                                217676,
                                0.010224,
                                0.0012260000000000001,
                                1752406428.5853701,
                                13604177780737
                            ]
                        }
                    ],
                    "stat": [
                        "doPostDesignResolutionToVir2Vcs",
                        "entry",
                        0.07459712028503418,
                        0.067437999999999998,
                        0.033718999999999999,
                        202320,
                        202812,
                        0.0,
                        0.0,
                        1752406428.485543,
                        13603809766980
                    ]
                },
                {
                    "sub": [],
                    "stat": [
                        "doPostDesignResolutionToVir2Vcs",
                        "exit",
                        0.17446208000183105,
                        0.10130699999999999,
                        0.041424999999999997,
                        205760,
                        217676,
                        0.010224,
                        0.0012260000000000001,
                        1752406428.585408,
                        13604177821909
                    ]
                },
                {
                    "sub": [
                        {
                            "sub": [],
                            "stat": [
                                "DoPass2",
                                "entry",
                                0.30809903144836426,
                                0.10323499999999999,
                                0.041424999999999997,
                                204204,
                                217676,
                                0.048283,
                                0.0012260000000000001,
                                1752406428.7190449,
                                13604670646823
                            ]
                        },
                        {
                            "sub": [],