{
    "Modules": {
        "...MASTER...": {
            "start_perf": [
                0.29291701316833496,
                0.045113,
                0.111376,
                204420,
                217760,
                1752407350.7094719,
                15967585816650
            ],
            "child_modules": {
                "std": 1,
                "tb4": 1
            },
            "end_perf": [
                0.30591297149658203,
                0.045113,
                0.11598899999999999,
                205844,
                217760,
                15967633817974,
                0,
                0
            ],
            "nQuads": 0,
            "nMops": 0,
            "nRouts": 5
        },
        "std": {
            "start_perf": [
                0.30603814125061035,
                0.045113,
                0.116115,
                205844,
                217760,
                1752407350.7225931,
                15967634160998
            ],
            "child_modules": {},
            "nQuads": 218,
            "Compiled": "Yes",
            "nRouts": 33,
            "Compiled Times": 2,
            "end_perf": [
                0.31493902206420898,
                0.049341000000000003,
                0.116115,
                205844,
                217760,
                15967667072780,
                8589934594,
                0
            ],
            "svclass": [
                "$vcs_nba_dyn_obj",
                0,
                35,
                2,
                2,
                0,
                "sigprop$$",
                0,
                35,
                2,
                2,
                0,
                "process",
                0,
                200,
                8,
                8,
                0,
                "event",
                0,
                34,
                2,
                2,
                0,
                "mailbox",
                0,
                140,
                9,
                9,
                0,
                "semaphore",
                0,
                84,
                5,
                5,
                0
            ],
            "nMops": 528
        },
        "chnl_initiator": {
            "start_perf": [
                0.31499314308166504,
                0.049396000000000002,
                0.116115,
                205844,
                217760,
                1752407350.7315481,
                15967667165020
            ],
            "child_modules": {},
            "nQuads": 156,
            "Compiled": "Yes",
            "nRouts": 35,
            "Compiled Times": 2,
            "end_perf": [
                0.32802414894104004,
                0.060953,
                0.116115,
                208464,
                217760,
                15967715321944,
                25769803777,
                0
            ],
            "nMops": 361
        },
        "tb4": {
            "significant_routs": [
                [
                    50,
                    "R_VCSgd_ZpUMT_32",
                    5060604,
                    1260,
                    181
                ],
                [
                    130,
                    "R_VCSgd_ZpUMT_82",
                    5751802,
                    1754,
                    140
                ],
                [
                    147,
                    "R_VCSgd_ZpUMT_93",
                    6007596,
                    538,
                    63
                ],
                [
                    148,
                    "R_VCSgd_ZpUMT_94",
                    4763522,
                    531,
                    61
                ]
            ],
            "start_perf": [
                0.32807397842407227,
                0.061004000000000003,
                0.116115,
                208464,
                217760,
                1752407350.7446289,
                15967715383684
            ],
            "child_modules": {
                "chnl_initiator": 3
            },
            "nQuads": 2554,
            "Compiled": "Yes",
            "nRouts": 270,
            "Compiled Times": 2,
            "end_perf": [
                0.37271308898925781,
                0.091343999999999995,
                0.127882,
                212816,
                217760,
                15967880073004,
                30064771073,
                0
            ],
            "nMops": 6409
        }
    },
    "CompUnits": {
        "ZpUMT_d": {
            "bytes": 98730,
            "out": "ZpUMT_d.o",
            "mod": "tb4",
            "checksum": 0,
            "text": 55565,
            "mode": 4,
            "archive": "archive.1/_4250_archive_1.a"
        }
    },
    "reusePaths": {
        "amcQw_d": {
            "icPath": "csrc"
        },
        "reYIK_d": {
            "icPath": "csrc"
        },
        "gSic8_d": {
            "icPath": "csrc"
        }
    },
    "ObjArchives": [
        {
            "archive": "archive.1/_4250_archive_1.a",
            "objects": [
                [
                    "ZpUMT_d.o",
                    98730
                ],
                [
                    "amcQwB.o",
                    116376
                ]
            ],
            "size": 215106
        }
    ],
    "stat": {
        "ru_self_end": {
            "ru_majflt": 1260,
            "ru_utime_sec": 0.093423000000000006,
            "ru_minflt": 8179,
            "ru_stime_sec": 0.13079199999999999,
            "ru_maxrss_kb": 118504,
            "ru_nvcsw": 986,
            "ru_nivcsw": 1
        },
        "ru_childs_end": {
            "ru_majflt": 33,
            "ru_utime_sec": 0.016775999999999999,
            "ru_minflt": 5012,
            "ru_stime_sec": 0.012692999999999999,
            "ru_maxrss_kb": 108320,
            "ru_nvcsw": 190,
            "ru_nivcsw": 0
        },
        "cpu_cycles_end": 15967907959478,
        "peak_mem_kb": 217760
    }
}